{
  "AAPL": 0.18000000000000002,
  "MSFT": 0.18000000000000002,
  "AMZN": 0.18000000000000002,
  "NVDA": 0.18000000000000002,
  "JPM": 0.18000000000000002,
  "TLT": 0.10000000000000002
}