method,n_obs,n_exceptions,exception_rate,kupiec_LR,kupiec_p_value
parametric,1547,37,0.023917259211376857,21.773221926388196,3.068531370664651e-06
mc_normal,1547,35,0.02262443438914027,18.341288851529413,1.8466137510664282e-05
mc_bootstrap,1547,24,0.015513897866839044,4.066853039491374,0.04373267737626663
