Method,VaR_99,CVaR_99
Parametric (delta-normal),0.03534447257148407,
MC Normal,0.035332674625777445,0.04062812911357912
Bootstrap,0.0445980342776394,0.05622110446480868
