Method,VaR_99,CVaR_99
Parametric (delta-normal),0.03534278971930975,
MC Normal,0.03532985880167433,0.040626806902361354
Bootstrap,0.04460275773577471,0.057541184863897116
